<?xml version="1.0" encoding="UTF-8"?>
<beans xmlns="http://www.springframework.org/schema/beans"
	xmlns:xsi="http://www.w3.org/2001/XMLSchema-instance"
	xmlns:context="http://www.springframework.org/schema/context"
	xmlns:tx="http://www.springframework.org/schema/tx"
	xmlns:mybatis-spring="http://mybatis.org/schema/mybatis-spring"
	xmlns:aop="http://www.springframework.org/schema/aop"
	xmlns:task="http://www.springframework.org/schema/task"
	xsi:schemaLocation="http://mybatis.org/schema/mybatis-spring http://mybatis.org/schema/mybatis-spring-1.2.xsd
		http://www.springframework.org/schema/task http://www.springframework.org/schema/task/spring-task-4.3.xsd
		http://www.springframework.org/schema/beans http://www.springframework.org/schema/beans/spring-beans.xsd
		http://www.springframework.org/schema/context http://www.springframework.org/schema/context/spring-context-4.3.xsd
		http://www.springframework.org/schema/aop http://www.springframework.org/schema/aop/spring-aop-4.3.xsd
		http://www.springframework.org/schema/tx http://www.springframework.org/schema/tx/spring-tx-4.3.xsd">
	

	<context:annotation-config></context:annotation-config>

	<bean id="hikariConfig" class="com.zaxxer.hikari.HikariConfig">

		<property name="driverClassName"
			value="net.sf.log4jdbc.sql.jdbcapi.DriverSpy"></property>
		<property name="jdbcUrl"
			value="jdbc:log4jdbc:oracle:thin:@localhost:1521:XE"></property>
		<property name="username" value="yoon"></property>
		<property name="password" value="yoon"></property>

	</bean>

  <!-- google Class Bean설정 추가 -->
  <!-- 클라이언트ID와 보안비밀 세팅 -->
  <bean id="googleConnectionFactory"
  class="org.springframework.social.google.connect.GoogleConnectionFactory">
    <constructor-arg value="308630109469-9par51iffero4klepa7o0d6cju7r9aup.apps.googleusercontent.com" />
    <constructor-arg value="cv3GWUDpY91pdTc6tDAAK1S5" />
  </bean>

  <!-- 승인된 자바스크립트 원본과 승인된 리디렉션 URI -->
  <bean id="googleOAuth2Parameters" class="org.springframework.social.oauth2.OAuth2Parameters">
    <property name="scope" value="https://www.googleapis.com/auth/plus.login" />
    <property name="redirectUri" value="http://localhost:8080/board/list" />
  </bean>
  <!-- google Class Bean설정 추가 -->



	<!-- HikariCP configuration -->
	<bean id="dataSource" class="com.zaxxer.hikari.HikariDataSource"
		destroy-method="close">
		<constructor-arg ref="hikariConfig" />
	</bean>

	<bean id="sqlSessionFactory"
		class="org.mybatis.spring.SqlSessionFactoryBean">
		<property name="dataSource" ref="dataSource"></property>
	</bean>

	<bean id="transactionManager"
		class="org.springframework.jdbc.datasource.DataSourceTransactionManager">
		<property name="dataSource" ref="dataSource"></property>
	</bean>

	<tx:annotation-driven />

	<mybatis-spring:scan
		base-package="org.yoon.mapper" />

	<context:component-scan
		base-package="org.yoon.service"></context:component-scan>
	<context:component-scan
		base-package="org.yoon.aop"></context:component-scan>
		
	<context:component-scan
    base-package="org.yoon.task"></context:component-scan> 
		

	<aop:aspectj-autoproxy></aop:aspectj-autoproxy>

	<task:annotation-driven />
</beans>
